{
  "timestamp": "20251007_233937",
  "config": {
    "base_model": "meta-llama/Llama-3.1-8B-Instruct",
    "ea_model": "yuhuili/EAGLE3-LLaMA3.1-Instruct-8B",
    "iterations": 20,
    "max_tokens": 50,
    "total_tokens": 63,
    "depth": 5,
    "top_k": 10,
    "warmup": 3
  },
  "optimized": {
    "mean_latency_ms": 1259.2136814498645,
    "median_latency_ms": 1177.821477499947,
    "std_latency_ms": 146.96926546457777,
    "min_latency_ms": 1072.5197980000303,
    "max_latency_ms": 1454.5049459993606,
    "p95_latency_ms": 1451.8256296499658,
    "p99_latency_ms": 1453.9690827294817,
    "throughput_samples_sec": 0.7941463905066497,
    "throughput_tokens_sec": 40.66029519394046,
    "all_latencies_ms": [
      1.1711315350003133,
      1.0725197980000303,
      1.429857938999703,
      1.1756128560000434,
      1.4545049459993606,
      1.189411227999699,
      1.099714947999928,
      1.4195804659993883,
      1.1645395149998876,
      1.427984607000326,
      1.164818075999392,
      1.0803138519995628,
      1.4516846129999976,
      1.165079004999825,
      1.4384852000002866,
      1.1659012250001979,
      1.080581350999637,
      1.4279314030000023,
      1.1800300989998505,
      1.4245909669998582
    ]
  },
  "profiling": {}
}