{
  "timestamp": "20251007_234651",
  "config": {
    "base_model": "meta-llama/Llama-3.1-8B-Instruct",
    "ea_model": "yuhuili/EAGLE3-LLaMA3.1-Instruct-8B",
    "iterations": 20,
    "max_tokens": 50,
    "total_tokens": 63,
    "depth": 5,
    "top_k": 10,
    "warmup": 3
  },
  "optimized": {
    "mean_latency_ms": 1197.7307865499824,
    "median_latency_ms": 1123.5899359994619,
    "std_latency_ms": 139.8050949290729,
    "min_latency_ms": 1018.3786460002011,
    "max_latency_ms": 1376.7347889997836,
    "p95_latency_ms": 1374.0920713999913,
    "p99_latency_ms": 1376.2062454798252,
    "throughput_samples_sec": 0.8349121615888839,
    "throughput_tokens_sec": 42.74750267335086,
    "all_latencies_ms": [
      1.1081044669999756,
      1.0370112750006228,
      1.3625126779998027,
      1.1128454339996097,
      1.3767347889997836,
      1.127407989999483,
      1.0236998540003697,
      1.3427687069997774,
      1.1013405690000582,
      1.3524494779994711,
      1.1022654950002106,
      1.0183786460002011,
      1.362143776999801,
      1.1197718819994407,
      1.3739529810000022,
      1.1145389080002133,
      1.0405016340000657,
      1.3703233140004158,
      1.1357031020006616,
      1.372160750999683
    ]
  },
  "profiling": {}
}