{
  "timestamp": "20251007_234909",
  "config": {
    "base_model": "meta-llama/Llama-3.1-8B-Instruct",
    "ea_model": "yuhuili/EAGLE3-LLaMA3.1-Instruct-8B",
    "iterations": 20,
    "max_tokens": 50,
    "total_tokens": 63,
    "depth": 5,
    "top_k": 10,
    "warmup": 3
  },
  "optimized": {
    "mean_latency_ms": 1260.656681499995,
    "median_latency_ms": 1180.9018275002927,
    "std_latency_ms": 139.4859514385207,
    "min_latency_ms": 1077.2267519996603,
    "max_latency_ms": 1439.3481980005163,
    "p95_latency_ms": 1438.5306536505595,
    "p99_latency_ms": 1439.184689130525,
    "throughput_samples_sec": 0.7932373775310085,
    "throughput_tokens_sec": 40.613753729587636,
    "all_latencies_ms": [
      1.1817658780000784,
      1.1896271949999573,
      1.4324122029993305,
      1.1743557280005916,
      1.4393481980005163,
      1.1628607899992858,
      1.078123307000169,
      1.4169824119999248,
      1.1626445539995984,
      1.423400431999653,
      1.1667867780006418,
      1.0772267519996603,
      1.4384876250005618,
      1.180037777000507,
      1.4223774479996791,
      1.1647727240006134,
      1.0912795379999807,
      1.417637167999601,
      1.1666249479994804,
      1.4263821750000716
    ]
  },
  "profiling": {}
}