{
  "timestamp": "20251008_000045",
  "config": {
    "base_model": "meta-llama/Llama-3.1-8B-Instruct",
    "ea_model": "yuhuili/EAGLE3-LLaMA3.1-Instruct-8B",
    "iterations": 20,
    "max_tokens": 50,
    "total_tokens": 63,
    "depth": 5,
    "top_k": 10,
    "warmup": 3
  },
  "optimized": {
    "mean_latency_ms": 1002.4570352499723,
    "median_latency_ms": 1071.230005000416,
    "std_latency_ms": 113.41233284520537,
    "min_latency_ms": 824.0767209999831,
    "max_latency_ms": 1127.347048000047,
    "p95_latency_ms": 1120.6536785994103,
    "p99_latency_ms": 1126.0083741199196,
    "throughput_samples_sec": 0.9975489869754273,
    "throughput_tokens_sec": 51.473527727932044,
    "all_latencies_ms": [
      0.8310652219997792,
      1.127347048000047,
      1.0793965749999188,
      0.9132497770006012,
      1.0931099260005794,
      0.8240767209999831,
      1.1203013959993768,
      1.0674774489998526,
      0.9058400359999723,
      1.0866023829994447,
      0.8328783939996356,
      1.1120559810005943,
      1.0715392600004634,
      0.9064519719995587,
      1.072591981000187,
      0.825021038000159,
      1.1137935689994265,
      1.0709207500003686,
      0.9095619939998869,
      1.08585923299961
    ]
  },
  "profiling": {}
}